{"properties":{"connectionReferences":{"shared_approvals":{"runtimeSource":"embedded","connection":{},"api":{"name":"shared_approvals"}},"shared_sharepointonline":{"runtimeSource":"embedded","connection":{},"api":{"name":"shared_sharepointonline"}},"shared_sendmail":{"runtimeSource":"embedded","connection":{},"api":{"name":"shared_sendmail"}}},"definition":{"$schema":"https://schema.management.azure.com/providers/Microsoft.Logic/schemas/2016-06-01/workflowdefinition.json#","contentVersion":"1.0.0.0","parameters":{"$connections":{"defaultValue":{},"type":"Object"},"$authentication":{"defaultValue":{},"type":"SecureObject"}},"triggers":{"Lorsqu’un_élément_est_créé_ou_modifié":{"recurrence":{"frequency":"Minute","interval":1},"splitOn":"@triggerOutputs()?['body/value']","metadata":{"operationMetadataId":"d178496a-3b90-49ac-9a3a-d3723c68a58d"},"type":"OpenApiConnection","inputs":{"host":{"apiId":"/providers/Microsoft.PowerApps/apis/shared_sharepointonline","connectionName":"shared_sharepointonline","operationId":"GetOnUpdatedItems"},"parameters":{"dataset":"https://sibracacam.sharepoint.com/sites/test.intranet.sabc/test_dev","table":"82847f3a-7d91-4a5b-a39e-2046b27eea5a"},"authentication":"@parameters('$authentication')"}}},"actions":{"Initialiser_la_statut":{"runAfter":{},"metadata":{"operationMetadataId":"bfa527fb-207e-4db8-9cf1-868c89bed925"},"type":"InitializeVariable","inputs":{"variables":[{"name":"varStatut","type":"float","value":"@triggerOutputs()?['body/Statut']"}]}},"Initialize_Niveau":{"runAfter":{"Initialiser_la_statut":["Succeeded"]},"metadata":{"operationMetadataId":"cfc75805-c478-4522-909d-1bb0abdf3cc7"},"type":"InitializeVariable","inputs":{"variables":[{"name":"varNiveau","type":"float","value":"@triggerOutputs()?['body/NiveauVal']"}]}},"Initialiser_la_variable":{"runAfter":{"Initialize_Niveau":["Succeeded"]},"metadata":{"operationMetadataId":"1941abb8-ee6c-4d0e-9734-7b66b2a7334a"},"type":"InitializeVariable","inputs":{"variables":[{"name":"varNiveauSuiv","type":"float","value":"@add(variables('varNiveau'), 1)"}]}},"Si_la_demande_est_en_cours":{"actions":{"Démarrer_et_attendre_une_approbation":{"runAfter":{},"metadata":{"operationMetadataId":"75d7737a-4b97-4dbb-b989-955fed81664f"},"type":"OpenApiConnectionWebhook","inputs":{"host":{"apiId":"/providers/Microsoft.PowerApps/apis/shared_approvals","connectionName":"shared_approvals","operationId":"StartAndWaitForAnApproval"},"parameters":{"approvalType":"CustomResponse","WebhookApprovalCreationInput/responseOptions":["Approuver","À modifier"],"WebhookApprovalCreationInput/title":"Enregistrement du KPI N°@{triggerOutputs()?['body/ID']}","WebhookApprovalCreationInput/assignedTo":"@{triggerOutputs()?['body/SuperieurHierarchique/Email']};","WebhookApprovalCreationInput/details":"Bonjour M/Mme @{triggerOutputs()?['body/SuperieurHierarchique/DisplayName']},\nLa demande de suivi desKPI N°@{triggerOutputs()?['body/ID']}  de M./Mme@{triggerOutputs()?['body/Nom_demandeur/DisplayName']}  est soumise à votre attention pour validation.\n","WebhookApprovalCreationInput/itemLink":"@triggerOutputs()?['body/LienURL']","WebhookApprovalCreationInput/itemLinkDescription":"Cliquer ici pour consulter l'enregistrement","WebhookApprovalCreationInput/enableNotifications":true,"WebhookApprovalCreationInput/enableReassignment":true},"authentication":"@parameters('$authentication')"}},"Condition_9":{"actions":{"Recuperation_ID_Valcourant_3":{"runAfter":{},"metadata":{"operationMetadataId":"07fe4749-067a-4ff1-b444-83da747eac23"},"type":"OpenApiConnection","inputs":{"host":{"apiId":"/providers/Microsoft.PowerApps/apis/shared_sharepointonline","connectionName":"shared_sharepointonline","operationId":"GetItems"},"parameters":{"dataset":"https://sibracacam.sharepoint.com/sites/test.intranet.sabc/test_dev","table":"6b0ab623-1e8c-4c90-8788-c96994bd34f2","$filter":"refdemande eq '@{triggerOutputs()?['body/Title']}' "},"authentication":"@parameters('$authentication')"}},"Appliquer_à_chacun_10":{"foreach":"@outputs('Recuperation_ID_Valcourant_3')?['body/value']","actions":{"Condition_10":{"actions":{"Condition_11":{"actions":{"Appliquer_à_chacun_12":{"foreach":"@outputs('Obtenir_les_éléments_(Validateur_suivant)_2')?['body/value']","actions":{"Appliquer_à_chacun_2":{"foreach":"@outputs('Démarrer_et_attendre_une_approbation')?['body/responses']","actions":{"Appliquer_à_chacun_13":{"foreach":"@outputs('Obtenir_les_éléments_(Validateur_suivant)_2')?['body/value']","actions":{"Mettre_à_jour_l'élément_5":{"runAfter":{},"metadata":{"operationMetadataId":"6e4af9b3-dcbd-4568-8d9e-92e967f2530b"},"type":"OpenApiConnection","inputs":{"host":{"apiId":"/providers/Microsoft.PowerApps/apis/shared_sharepointonline","connectionName":"shared_sharepointonline","operationId":"PatchItem"},"parameters":{"dataset":"https://sibracacam.sharepoint.com/sites/test.intranet.sabc/test_dev","table":"82847f3a-7d91-4a5b-a39e-2046b27eea5a","id":"@triggerOutputs()?['body/ID']","item/Title":"@triggerOutputs()?['body/Title']","item/NiveauVal":2,"item/Statut":90,"item/Libelle_statut":"Terminer","item/Validateur_Courant/Claims":"@items('Appliquer_à_chacun_12')?['validateurfinal/Claims']","item/Fonction_Val_Courant":"@items('Appliquer_à_chacun_12')?['fonction']"},"authentication":"@parameters('$authentication')"}}},"runAfter":{},"metadata":{"operationMetadataId":"6c479a4a-69e9-4221-885f-7ab7c57006f7"},"type":"Foreach"}},"runAfter":{},"metadata":{"operationMetadataId":"6f39e45a-c93f-4af3-853a-0fe47609848f"},"type":"Foreach"}},"runAfter":{"Obtenir_les_éléments_(Validateur_suivant)_2":["Succeeded"]},"metadata":{"operationMetadataId":"28da9e03-03e1-4d02-b8d8-54d9b55ad1c2"},"type":"Foreach"},"Obtenir_les_éléments_(Validateur_suivant)_2":{"runAfter":{},"metadata":{"operationMetadataId":"4562b8c2-d780-45cf-aaed-47c0f30f947c"},"type":"OpenApiConnection","inputs":{"host":{"apiId":"/providers/Microsoft.PowerApps/apis/shared_sharepointonline","connectionName":"shared_sharepointonline","operationId":"GetItems"},"parameters":{"dataset":"https://sibracacam.sharepoint.com/sites/test.intranet.sabc/test_dev","table":"6b0ab623-1e8c-4c90-8788-c96994bd34f2","$filter":"refdemande eq '@{triggerOutputs()?['body/Title']}' "},"authentication":"@parameters('$authentication')"}}},"runAfter":{"Appliquer_à_chacun":["Succeeded"]},"else":{"actions":{"Mettre_à_jour_l'élément_8":{"runAfter":{},"metadata":{"operationMetadataId":"85eea103-7aa0-4ab9-af91-f464f95681f0"},"type":"OpenApiConnection","inputs":{"host":{"apiId":"/providers/Microsoft.PowerApps/apis/shared_sharepointonline","connectionName":"shared_sharepointonline","operationId":"PatchItem"},"parameters":{"dataset":"https://sibracacam.sharepoint.com/sites/test.intranet.sabc/test_dev","table":"82847f3a-7d91-4a5b-a39e-2046b27eea5a","id":"@triggerOutputs()?['body/ID']","item/Title":"@triggerOutputs()?['body/Title']","item/NiveauVal":"@add(variables('varNiveau'), 1)","item/Statut":90,"item/Libelle_statut":"Terminer","item/Validateur_Courant/Claims":"@triggerOutputs()?['body/Nom_x0028_s_x0029_etpr_x00e9_nom/Claims']","item/Fonction_Val_Courant":"Demandeur"},"authentication":"@parameters('$authentication')"}}}},"expression":{"lessOrEquals":["@variables('varNiveau')","@items('Appliquer_à_chacun_10')?['nbreValidateurs']"]},"metadata":{"operationMetadataId":"558aca65-17ec-460f-8425-299d886c4ac6"},"type":"If"},"Appliquer_à_chacun":{"foreach":"@outputs('Démarrer_et_attendre_une_approbation')?['body/responses']","actions":{"Appliquer_à_chacun_11":{"foreach":"@outputs('Recuperation_ID_Valcourant_3')?['body/value']","actions":{"Mettre_à_jour_l'élément_9":{"runAfter":{},"metadata":{"operationMetadataId":"f8463db2-ee5c-489e-88d1-c3ab3d54afb0"},"type":"OpenApiConnection","inputs":{"host":{"apiId":"/providers/Microsoft.PowerApps/apis/shared_sharepointonline","connectionName":"shared_sharepointonline","operationId":"PatchItem"},"parameters":{"dataset":"https://sibracacam.sharepoint.com/sites/test.intranet.sabc/test_dev","table":"6b0ab623-1e8c-4c90-8788-c96994bd34f2","id":"@items('Appliquer_à_chacun_11')?['ID']","item/Title":"@items('Appliquer_à_chacun_11')?['Title']","item/validateurfinal/Claims":"i:0#.f|membership|@{items('Appliquer_à_chacun')?['responder/email']}","item/decision":"Approuver","item/remarque":"@items('Appliquer_à_chacun')?['comments']","item/fonction":"@items('Appliquer_à_chacun_11')?['fonction']"},"authentication":"@parameters('$authentication')"}}},"runAfter":{},"metadata":{"operationMetadataId":"c3c85ca6-d5d9-43e8-82aa-93bf47ae1289"},"type":"Foreach"}},"runAfter":{},"metadata":{"operationMetadataId":"a622b4cc-f43a-4a27-88d2-68711f8565f9"},"type":"Foreach"}},"runAfter":{},"expression":{"and":[{"not":{"equals":["@items('Appliquer_à_chacun_10')?['decision']","Approuver"]}},{"not":{"equals":["@items('Appliquer_à_chacun_10')?['decision']","Modifier"]}}]},"metadata":{"operationMetadataId":"aca27882-ab5a-484b-93ae-5688cb8bb642"},"type":"If"}},"runAfter":{"Recuperation_ID_Valcourant_3":["Succeeded"]},"metadata":{"operationMetadataId":"c0b66b84-73cd-4a65-9ebd-0ff8e9cfc4e4"},"type":"Foreach"}},"runAfter":{"Démarrer_et_attendre_une_approbation":["Succeeded"]},"else":{"actions":{"Obtenir_les_éléments_(Validateur_courant)_2":{"runAfter":{},"metadata":{"operationMetadataId":"5e9fd515-8eb5-47ce-85b6-5ad6a5051a85"},"type":"OpenApiConnection","inputs":{"host":{"apiId":"/providers/Microsoft.PowerApps/apis/shared_sharepointonline","connectionName":"shared_sharepointonline","operationId":"GetItems"},"parameters":{"dataset":"https://sibracacam.sharepoint.com/sites/test.intranet.sabc/test_dev","table":"6b0ab623-1e8c-4c90-8788-c96994bd34f2","$filter":"refdemande eq '@{triggerOutputs()?['body/Title']}'"},"authentication":"@parameters('$authentication')"}},"Appliquer_à_chacun_14":{"foreach":"@outputs('Obtenir_les_éléments_(Validateur_courant)_2')?['body/value']","actions":{"Condition_12":{"actions":{"Appliquer_à_chacun_3":{"foreach":"@outputs('Démarrer_et_attendre_une_approbation')?['body/responses']","actions":{"Mettre_à_jour_l'élément":{"runAfter":{},"metadata":{"operationMetadataId":"7e74700e-b0e9-4479-a803-52a35ad4a037"},"type":"OpenApiConnection","inputs":{"host":{"apiId":"/providers/Microsoft.PowerApps/apis/shared_sharepointonline","connectionName":"shared_sharepointonline","operationId":"PatchItem"},"parameters":{"dataset":"https://sibracacam.sharepoint.com/sites/test.intranet.sabc/test_dev","table":"6b0ab623-1e8c-4c90-8788-c96994bd34f2","id":"@items('Appliquer_à_chacun_14')?['ID']","item/Title":"@items('Appliquer_à_chacun_14')?['Title']","item/decision":"Modifier","item/remarque":"@items('Appliquer_à_chacun_3')?['comments']","item/passval":0,"item/NiveauVal":1,"item/nbreValidateurs":1},"authentication":"@parameters('$authentication')"}}},"runAfter":{},"metadata":{"operationMetadataId":"1948d3d0-84c9-4ac8-a8e5-ea62cc8a5954"},"type":"Foreach"},"Appliquer_à_chacun_4":{"foreach":"@outputs('Démarrer_et_attendre_une_approbation')?['body/responses']","actions":{"Appliquer_à_chacun_16":{"foreach":"@outputs('Obtenir_les_éléments_(Validateur_courant)_2')?['body/value']","actions":{"Mettre_à_jour_l'élément_(Retour_au_demandeur)_2":{"runAfter":{},"metadata":{"operationMetadataId":"dbc69c78-4ced-4e0f-b59f-713c826963a8"},"type":"OpenApiConnection","inputs":{"host":{"apiId":"/providers/Microsoft.PowerApps/apis/shared_sharepointonline","connectionName":"shared_sharepointonline","operationId":"PatchItem"},"parameters":{"dataset":"https://sibracacam.sharepoint.com/sites/test.intranet.sabc/test_dev","table":"82847f3a-7d91-4a5b-a39e-2046b27eea5a","id":"@triggerOutputs()?['body/ID']","item/Title":"@triggerOutputs()?['body/Title']","item/NiveauVal":0,"item/Statut":80,"item/Libelle_statut":"Modifier","item/Validateur_Courant/Claims":"@triggerOutputs()?['body/Nom_x0028_s_x0029_etpr_x00e9_nom/Claims']","item/Fonction_Val_Courant":"Demandeur"},"authentication":"@parameters('$authentication')"}}},"runAfter":{},"metadata":{"operationMetadataId":"dccba5f2-28b0-4b15-a4a1-1ebfd3d5b452"},"type":"Foreach"}},"runAfter":{"Appliquer_à_chacun_3":["Succeeded"]},"metadata":{"operationMetadataId":"183198b2-a661-4a6e-8949-8cf5c1f86e00"},"type":"Foreach"}},"runAfter":{},"expression":{"and":[{"not":{"equals":["@items('Appliquer_à_chacun_14')?['decision']","Approuver"]}},{"not":{"equals":["@items('Appliquer_à_chacun_14')?['decision']","Modifier"]}}]},"metadata":{"operationMetadataId":"5c6dac48-20bf-44cc-9725-bf0aef813f0d"},"type":"If"}},"runAfter":{"Obtenir_les_éléments_(Validateur_courant)_2":["Succeeded"]},"metadata":{"operationMetadataId":"96ce3ee2-6852-4d1b-9067-757f6abb248d"},"type":"Foreach"}}},"expression":{"equals":["@outputs('Démarrer_et_attendre_une_approbation')?['body/outcome']","Approuver"]},"metadata":{"operationMetadataId":"2d1dc76c-e6ef-4dda-9811-4c8b7528b0da"},"type":"If"}},"runAfter":{"Initialiser_la_variable":["Succeeded"]},"else":{"actions":{"Condition_8":{"actions":{"Envoyer_une_notification_par_e-mail_(V3)_(Mail_de_refus_au_déclarant)_2":{"runAfter":{},"metadata":{"operationMetadataId":"c397276b-f07b-46fa-9f0e-a5ef13c9b108"},"type":"OpenApiConnection","inputs":{"host":{"apiId":"/providers/Microsoft.PowerApps/apis/shared_sendmail","connectionName":"shared_sendmail","operationId":"SendEmailV3"},"parameters":{"request/to":"@{triggerOutputs()?['body/Nom_x0028_s_x0029_etpr_x00e9_nom/Email']};","request/subject":"Modification du KPI N°@{triggerOutputs()?['body/ID']}","request/text":"<p>Bonjour M./Mme @{triggerOutputs()?['body/Nom_x0028_s_x0029_etpr_x00e9_nom/DisplayName']},<br>\n<br>\nMr/Mme @{triggerOutputs()?['body/SuperieurHierarchique/DisplayName']} souhaite que vous modifiez votre enregistrement &nbsp;&nbsp;N° @{triggerOutputs()?['body/ID']}<br>\n<br>\nMotif :@{triggerOutputs()?['body/{ModerationComment}']} .<br>\n<br>\n<a href=\"@{triggerOutputs()?['body/LienURL']}\"><span style=\"font-family: arial\">Cliquez ici pour consulter la demande</span></a><span style=\"font-family: arial\"><br>\nCordialement.</span></p>"},"authentication":"@parameters('$authentication')"}}},"runAfter":{},"else":{"actions":{"Envoyer_une_notification_par_e-mail_(V3)_(Mail_OK_au_déclarant)_2":{"runAfter":{},"metadata":{"operationMetadataId":"cc60f8bc-9fca-4d08-8fe0-87933ba4cab8"},"type":"OpenApiConnection","inputs":{"host":{"apiId":"/providers/Microsoft.PowerApps/apis/shared_sendmail","connectionName":"shared_sendmail","operationId":"SendEmailV3"},"parameters":{"request/to":"@{triggerOutputs()?['body/Nom_x0028_s_x0029_etpr_x00e9_nom/Email']};","request/subject":"Enregistrement du KPI N°@{triggerOutputs()?['body/ID']}","request/text":"<p><span style=\"font-family: arial\">Bonjour M./Mme </span><span style=\"font-family: arial\">@{triggerOutputs()?['body/Nom_x0028_s_x0029_etpr_x00e9_nom/DisplayName']}</span><span style=\"font-family: arial\">,<br>\n<br>\nVotre enregistrement du KPI &nbsp;&nbsp;N° </span><span style=\"font-family: arial\">@{triggerOutputs()?['body/ID']}</span><span style=\"font-family: arial\"> a été validée &nbsp;par M./Mme </span><span style=\"font-family: arial\">@{triggerOutputs()?['body/SuperieurHierarchique/DisplayName']}</span><span style=\"font-family: arial\"><br>\n<br>\nCommentaire : </span><span style=\"font-family: arial\">@{triggerOutputs()?['body/{ModerationComment}']}</span><span style=\"font-family: arial\">.<br>\n</span><a href=\"@{triggerOutputs()?['body/LienURL']}\"><span style=\"font-family: arial\">Cliquez ici pour revoir votre demande</span></a><span style=\"font-family: arial\"><br>\nCordialement.</span></p>"},"authentication":"@parameters('$authentication')"}}}},"expression":{"equals":["@variables('varStatut')",80]},"metadata":{"operationMetadataId":"eec5a8c0-db54-4a73-92f6-8e7d24ddfb29"},"type":"If"}}},"expression":{"equals":["@variables('varStatut')",0]},"metadata":{"operationMetadataId":"9e876fa4-7dc8-4f9d-9bd1-41f572761ea6"},"type":"If"}}}},"schemaVersion":"1.0.0.0"}