<environmentvariabledefinition schemaname="dsi_shared_sharepointonline_80c99fa7bfa64625abe48dc1e281878e">
  <apiid>/providers/microsoft.powerapps/apis/shared_sharepointonline</apiid>
  <displayname default="PRS_KPI_Rubriques_CDS">
    <label description="PRS_KPI_Rubriques_CDS" languagecode="1036" />
  </displayname>
  <introducedversion>1.0.0.0</introducedversion>
  <iscustomizable>1</iscustomizable>
  <isrequired>0</isrequired>
  <parameterkey>table</parameterkey>
  <parentdefinitionid>
    <schemaname>dsi_SiteRapportQuart</schemaname>
  </parentdefinitionid>
  <secretstore>0</secretstore>
  <type>100000004</type>
</environmentvariabledefinition>