<environmentvariabledefinition schemaname="dsi_Site_KPI_DCM">
  <apiid>/providers/microsoft.powerapps/apis/shared_sharepointonline</apiid>
  <defaultvalue>https://sibracacam.sharepoint.com/sites/test.intranet.sabc/test_dev</defaultvalue>
  <displayname default="Site_KPI_DCM">
    <label description="Site_KPI_DCM" languagecode="1036" />
  </displayname>
  <introducedversion>1.0.0.0</introducedversion>
  <iscustomizable>1</iscustomizable>
  <isrequired>0</isrequired>
  <parameterkey>dataset</parameterkey>
  <secretstore>0</secretstore>
  <type>100000004</type>
</environmentvariabledefinition>