<environmentvariabledefinition schemaname="dsi_shared_sharepointonline_10cf6aced70648b1a9613b8d35ca5adf">
  <apiid>/providers/microsoft.powerapps/apis/shared_sharepointonline</apiid>
  <displayname default="PRS_KPI_IDENTIFICATION_EMPLOYES">
    <label description="PRS_KPI_IDENTIFICATION_EMPLOYES" languagecode="1036" />
  </displayname>
  <introducedversion>1.0.0.0</introducedversion>
  <iscustomizable>1</iscustomizable>
  <isrequired>0</isrequired>
  <parameterkey>table</parameterkey>
  <parentdefinitionid>
    <schemaname>dsi_SiteRapportQuart</schemaname>
  </parentdefinitionid>
  <secretstore>0</secretstore>
  <type>100000004</type>
</environmentvariabledefinition>